date,id,name,category,收盤價,漲跌幅,月增率%,年增率%,累計年增率%,投信持股比例,投信買賣超%,投信買賣超(張),投信5買%,投信10買%,投信20買%,投信5買N天,投信10買N天,投信20買N天,外資持股比例,外資買賣超(張),外資買賣超%,外資5買%,外資10買%,外資20買%,外資5買N天,外資10買N天,外資20買N天自營商買賣超(張),自營商買賣超%,自營商持股比例,主力買賣超(張),主力今日%,主力5買%,主力10買%,主力20買%,投信5賣N天,投信10賣N天,投信20賣N天,20漲跌幅,60漲跌幅
2026-09-29,1307,三芳,塑膠工業,30.85,0.49,,,,0.32,0.0,5.0,0.0,0.0,0.0,1.0,1.0,1.0,7.07,179.0,0.04,0.03,-0.05,-0.03,3.0,4.0,,-0.0,0.34,,,,,,1.0,2.0,6.0,0.0,-13.83
2026-09-29,1612,宏泰,電器電纜,35.35,0.86,,,,0.4,0.0,4.0,0.0,0.0,0.0,1.0,1.0,1.0,15.88,250.0,0.08,0.19,0.21,0.45,5.0,8.0,,0.0,1.11,,,,,,1.0,2.0,6.0,0.0,-0.42
2026-09-29,1707,葡萄王,生技醫療業,85.9,-1.26,,,,0.08,0.0,2.0,0.0,0.0,0.0,1.0,1.0,1.0,13.37,-248.0,-0.18,-0.34,-0.95,-1.22,0.0,0.0,,0.0,0.51,,,,,,0.0,0.0,0.0,-6.43,-7.83
2026-09-29,2031,新光鋼,鋼鐵工業,45.7,-0.87,,,,0.44,0.0,5.0,0.0,0.0,0.0,1.0,1.0,1.0,10.96,735.0,0.23,0.65,0.74,0.73,4.0,6.0,,0.0,0.58,,,,,,1.0,2.0,6.0,-0.87,-1.83
2026-09-29,2211,長榮鋼,鋼鐵工業,78.8,-1.01,,,,5.09,0.0,5.0,0.0,-0.01,0.0,1.0,1.0,2.0,3.42,-265.0,-0.06,-0.43,-0.51,-0.42,0.0,1.0,,0.0,0.53,,,,,,1.0,4.0,8.0,-6.19,-18.6
2026-09-29,6189,豐藝,電子通路業,50.2,2.03,,,,0.55,0.0,3.0,0.0,0.0,0.0,1.0,1.0,1.0,11.17,587.0,0.28,0.65,0.92,0.94,5.0,9.0,,-0.0,0.17,,,,,,1.0,3.0,7.0,0.0,-5.82
2026-09-29,6239,力成,半導體業,281.0,-2.09,,,,7.01,0.0,27.0,-0.44,-1.01,-1.03,1.0,1.0,2.0,32.1,-3712.0,-0.49,-0.26,0.89,-0.18,2.0,6.0,,-0.01,2.99,,,,,,3.0,8.0,16.0,-3.93,-18.43
2026-09-29,6768,志強-KY,其他,62.5,-0.48,,,,0.14,0.0,3.0,0.0,0.0,-0.04,1.0,1.0,1.0,58.93,-47.0,-0.02,0.04,0.17,0.02,2.0,6.0,,-0.0,0.05,,,,,,1.0,2.0,8.0,-3.85,-14.97
2026-09-29,6790,永豐實,造紙工業,37.6,-0.27,,,,0.07,0.0,3.0,0.0,0.0,0.0,1.0,1.0,1.0,1.94,-25.0,-0.01,0.01,0.05,0.04,3.0,5.0,,0.0,0.07,,,,,,0.0,0.0,0.0,-1.44,-8.18
