date,id,name,category,三等份位階,20日跌幅,30N漲跌幅,當日漲跌幅,昨日漲跌幅,收盤價,昨日主力,主力買賣超(張),月增率%,年增率%,累計年增率%,漲跌幅,成交量,20日最高成交量,20日最高價,3日前漲跌幅,前日漲跌幅,昨日漲跌幅.1,距20日最高價,最高價,開盤位置,開盤價,昨日收盤價,前日成交量,昨日成交量,昨日三大,三大買賣超,融券5N,昨日融券,前日融券,融券差額(張),昨日融券5增張,昨日融券5MAX,融券5增張,融券5MAX,融券增加,融資5N,昨日融資,融資差額(張),投信買賣超(張),投信買賣超%,投信持股比例,外資買賣超(張),外資買賣超%,外資持股比例,自營商買賣超(張),自營商買賣超%,自營商持股比例,主力今日%,投信5買%,投信10買%,投信20買%,投信5買N天,投信10買N天,投信20買N天,外資5買%,外資10買%,外資20買%,主力5買%,主力10買%,主力20買%,ma5距離,ma10距離,ma20距離,ma60距離,RSI
2026-10-02,5314,世紀,半導體業,1,-46.58,29.39,-1.64,4.44,29.9,-4367.0,-2973.0,,,,-2.29,31622.07,137060.79,46.8,3.98,5.1,4.44,16.199999999999996,30.6,-0.65,30.4,30.6,10207.45,81514.55,-568.0,-3255.0,2.0,974.0,12.0,-1.0,6.0,974.0,340.0,974.0,-1.0,4.0,1432.0,280.0,0.0,0.0,3.14,-3035.0,-20.65,344.39,-220.0,-1.5,10.12,-20.22,0.0,-0.1,-0.41,0.0,0.0,0.0,-34.62,-179.23,-44.58,-53.6,-253.76,-247.36,1.26,1.63,-2.8,-13.29,48.32409041223192
2026-10-02,2327,國巨,電子零組件業,2,-21.02,26.61,3.64,7.5,626.0,35701.0,-5221.0,,,,3.99,106304.35,106304.35,647.0,-5.52,0.0,7.5,0.0,647.0,0.33,604.0,602.0,23166.39,74137.46,26122.0,1820.0,2.0,754.0,-1.0,-45.0,683.0,754.0,631.0,754.0,-1.06,5.0,2359.0,579.0,3146.0,0.74,34.53,-2787.0,-0.66,220.01,1461.0,0.35,10.36,-1.23,0.47,0.61,0.31,2.0,6.0,8.0,1.68,2.66,3.81,3.04,5.57,5.49,45.2,57.6,65.4,25.01,73.40904976951569
2026-10-02,3624,光頡,電子零組件業,3,-46.16,92.54,-1.66,9.42,148.5,5301.0,-5153.0,,,,-1.66,40514.44,64877.03,157.5,0.0,-1.79,9.42,0.0,157.5,0.0,151.0,151.0,16906.21,31089.56,948.0,-2147.0,3.0,359.0,-287.0,-259.0,488.0,359.0,-103.0,359.0,-1.72,3.0,1147.0,115.0,-350.0,-0.3,1.36,-1737.0,-1.48,49.26,-60.0,-0.05,2.49,-4.39,-0.94,-0.94,1.36,0.0,0.0,3.0,-3.49,-0.67,-6.93,-4.71,0.36,0.0,5.1,13.55,26.85,48.3,73.43272659564826
2026-10-02,3094,聯傑,半導體業,3,-45.07,106.21,1.59,9.55,70.3,3302.0,-3003.0,,,,3.84,35223.45,38839.09,73.0,9.94,3.18,9.55,0.0,73.0,2.22,69.2,67.7,38839.09,29571.94,1914.0,-1955.0,2.0,348.0,-94.0,-12.0,626.0,348.0,534.0,348.0,-1.03,2.0,1725.0,-1161.0,0.0,0.0,0.0,-1925.0,-2.32,9.27,-30.0,-0.04,0.32,-3.61,0.0,0.0,0.0,0.0,0.0,0.0,-4.52,0.9,5.97,-3.48,1.22,5.27,7.58,12.7,20.04,28.71,87.6166512445406
2026-10-02,2484,希華,電子零組件業,3,-27.3,37.56,1.53,7.91,86.5,6703.0,-2483.0,,,,2.25,46132.85,46132.85,89.0,5.63,1.43,7.91,0.0,89.0,0.71,85.2,84.6,23947.17,40048.72,5018.0,-775.0,4.0,288.0,101.0,42.0,479.0,288.0,495.0,288.0,-0.85,3.0,3286.0,-1654.0,-3.0,-0.0,0.25,-558.0,-0.35,11.15,-214.0,-0.13,0.3,-1.56,-0.0,-0.0,-0.0,0.0,0.0,0.0,4.98,4.05,4.79,5.12,5.92,5.59,6.74,11.3,14.28,13.02,88.27731001439098
2026-10-02,3026,禾伸堂,電子零組件業,2,-28.26,49.32,-1.18,7.04,835.0,1900.0,-1710.0,,,,-2.0,17157.78,18518.16,881.0,-1.73,-0.63,7.04,0.0,881.0,-0.82,845.0,852.0,6312.09,18518.16,1692.0,-1509.0,3.0,148.0,-31.0,52.0,118.0,148.0,191.0,148.0,-0.65,3.0,1045.0,-126.0,457.0,0.28,16.73,-1954.0,-1.18,10.71,-12.0,-0.01,1.1,-1.03,0.63,1.26,3.06,5.0,10.0,19.0,0.21,-2.15,-3.68,0.67,-0.75,0.12,18.2,37.0,66.45,137.39,64.14768353321233
2026-10-02,5328,華容,電子零組件業,1,-18.83,18.52,2.78,8.96,59.1,2297.0,-4669.0,,,,1.2,27393.18,27393.18,63.2,-0.38,1.53,8.96,2.4000000000000057,60.8,-1.54,57.5,58.4,1715.79,13682.9,-484.0,-2669.0,3.0,92.0,-1.0,67.0,91.0,92.0,157.0,92.0,-0.27,4.0,105.0,521.0,0.0,0.0,0.0,-2557.0,-1.48,4.94,-112.0,-0.06,0.42,-2.7,0.0,0.0,0.0,0.0,0.0,0.0,-1.53,-1.38,-0.72,-1.06,-1.17,-1.27,4.02,5.37,3.66,-2.0,74.9612186770417
2026-10-02,6155,鈞寶,電子零組件業,3,-28.74,40.6,4.17,8.41,72.5,1787.0,-1955.0,,,,4.17,16636.89,16636.89,75.5,6.31,-1.09,8.41,0.0,75.5,0.0,69.6,69.6,3733.21,10413.04,692.0,-1086.0,4.0,82.0,26.0,0.0,164.0,82.0,161.0,82.0,-1.0,3.0,640.0,-296.0,-2.0,-0.0,0.21,-1134.0,-1.29,7.16,50.0,0.06,0.33,-2.23,-0.0,-0.0,-0.0,0.0,0.0,0.0,-1.32,-0.56,-0.21,-0.78,-0.45,-0.05,6.58,11.39,13.83,13.99,87.72606355184362
2026-10-02,6127,九豪,電子零組件業,2,-23.83,31.28,2.46,8.6,58.4,3130.0,-6323.0,,,,2.82,29644.87,29644.87,59.6,6.69,1.37,8.6,0.0,59.6,0.35,57.0,56.8,4105.46,16537.16,44.0,-3876.0,3.0,75.0,16.0,0.0,112.0,75.0,112.0,75.0,-1.0,4.0,277.0,144.0,0.0,0.0,0.0,-3937.0,-3.64,5.24,61.0,0.06,0.55,-5.85,0.0,0.0,0.0,0.0,0.0,0.0,-2.44,-1.85,-3.27,-1.92,-1.64,-3.02,5.26,7.6,8.77,6.18,85.49832896885286
2026-10-02,3231,緯創,電腦及週邊設備業,3,-11.22,10.72,-2.1,2.14,186.5,24573.0,-19251.0,,,,-2.1,36439.62,123233.7,200.5,0.54,-0.54,2.14,9.5,191.0,0.0,190.5,190.5,20375.74,59140.01,30634.0,-22097.0,2.0,66.0,-2.0,-61.0,6.0,66.0,-20.0,66.0,-1.92,4.0,156.0,1842.0,-1345.0,-0.05,16.58,-21169.0,-0.73,41.38,417.0,0.01,11.69,-0.66,-0.05,-0.31,0.55,3.0,5.0,13.0,0.77,-0.17,-2.87,0.56,-0.49,-1.34,0.2,1.35,0.12,8.88,53.02635946547343
2026-10-02,4903,聯光通,通信網路業,3,-28.63,40.12,0.55,3.99,45.3,-420.0,-627.0,,,,2.14,10524.82,18478.65,46.45,-0.47,0.23,3.99,0.0,46.45,1.58,45.05,44.35,3430.29,7006.46,-499.0,-459.0,4.0,32.0,19.0,4.0,78.0,32.0,53.0,32.0,-0.88,2.0,211.0,-121.0,0.0,0.0,0.0,-459.0,-0.44,3.94,0.0,0.0,0.31,-0.6,0.0,0.0,0.0,0.0,0.0,0.0,-0.82,0.13,-0.72,-1.02,-0.18,-0.79,1.63,3.73,6.76,7.74,86.38401174028755
2026-10-02,6485,點序,半導體業,3,-32.13,49.91,-1.76,4.96,83.6,408.0,-451.0,,,,-1.3,2952.12,3565.66,86.2,-0.14,10.0,4.96,0.0,86.2,0.47,85.1,84.7,2164.99,3565.66,32.0,-340.0,3.0,27.0,11.0,-32.0,37.0,27.0,11.0,27.0,-2.19,4.0,398.0,98.0,0.0,0.0,0.0,-337.0,-0.75,13.04,-3.0,-0.01,1.94,-1.0,0.0,0.0,0.0,0.0,0.0,0.0,-1.34,-2.74,-2.82,1.26,0.97,0.89,6.52,11.73,17.55,19.16,82.44223804765905
2026-10-02,1597,直得,電機機械,3,-19.82,25.4,-4.82,5.1,148.0,1116.0,-1533.0,,,,-4.21,3289.27,7090.44,164.0,9.74,0.0,5.1,8.5,155.5,0.65,155.5,154.5,3566.14,4660.05,296.0,-880.0,2.0,18.0,-3.0,-15.0,18.0,18.0,-2.0,18.0,-1.83,4.0,1054.0,-708.0,0.0,0.0,0.0,-875.0,-0.98,3.92,-5.0,-0.01,0.53,-1.72,0.0,0.0,0.0,0.0,0.0,0.0,-0.45,-0.84,-1.85,0.15,-0.18,-1.27,2.2,6.8,4.85,10.31,58.511423723289546
2026-10-02,6284,佳邦,電子零組件業,2,-10.85,11.35,-1.24,5.66,79.8,541.0,-399.0,,,,-0.62,2278.99,3208.47,82.0,3.63,-1.82,5.66,0.5999999999999943,81.4,0.62,80.8,80.3,1469.83,3208.47,718.0,-370.0,3.0,17.0,10.0,-9.0,29.0,17.0,20.0,17.0,-1.53,4.0,117.0,11.0,0.0,0.0,0.07,-368.0,-0.25,9.31,-2.0,-0.0,0.11,-0.27,0.0,0.0,0.04,0.0,0.0,4.0,-0.04,0.05,-0.37,-0.2,-0.21,-0.32,2.4,3.4,3.08,1.0,65.19068859339345
2026-10-02,3013,晟銘電,電腦及週邊設備業,2,-13.57,16.13,-1.38,7.92,92.7,687.0,-1365.0,,,,-1.38,4569.11,5259.58,94.3,-0.59,3.33,7.92,0.0,94.3,0.0,94.0,94.0,2758.14,5259.58,330.0,-1568.0,3.0,15.0,3.0,-1.0,18.0,15.0,17.0,15.0,-1.07,3.0,552.0,-200.0,0.0,0.0,0.04,-1411.0,-0.9,4.18,-157.0,-0.1,1.24,-0.88,0.0,0.0,0.01,0.0,2.0,4.0,-1.06,-1.16,-1.85,-0.62,-0.72,-1.45,4.3,6.92,7.3,6.17,75.14282329682939
2026-10-02,2486,一詮,光電業,2,-25.85,10.13,-2.0,3.11,245.0,107.0,-799.0,,,,-1.41,3396.11,34953.26,307.5,1.28,1.27,3.11,57.5,250.0,0.6,250.0,248.5,3719.75,8667.51,-894.0,-1137.0,2.0,14.0,7.0,-5.0,9.0,14.0,7.0,14.0,-1.36,4.0,718.0,326.0,-48.0,-0.02,2.5,-1103.0,-0.5,7.02,14.0,0.01,0.06,-0.36,-0.04,-0.11,-0.32,0.0,0.0,4.0,-0.76,-1.66,-6.23,-0.23,-0.99,-6.52,4.1,7.9,4.62,7.93,59.78635061496626
2026-10-02,6175,立敦,電子零組件業,1,-12.58,14.39,1.46,7.62,76.7,-776.0,-1063.0,,,,0.52,4714.59,5535.78,77.1,-0.72,1.73,7.62,0.0,77.1,-0.92,75.6,76.3,513.31,5535.78,-1292.0,-958.0,1.0,14.0,0.0,-3.0,14.0,14.0,11.0,14.0,-1.21,2.0,565.0,-222.0,0.0,0.0,0.0,-952.0,-0.66,23.25,-6.0,-0.0,0.23,-0.74,0.0,0.0,0.0,0.0,0.0,0.0,-1.42,-1.22,-0.81,-1.18,-1.14,-1.01,4.24,5.5,5.96,-1.12,78.93534587018618
2026-10-02,6449,鈺邦,電子零組件業,1,-15.64,15.35,-1.1,8.75,224.5,637.0,-739.0,,,,-2.39,3152.83,3152.83,243.0,-1.91,1.95,8.75,10.0,233.0,-1.3,227.0,230.0,802.85,2592.34,153.0,-506.0,2.0,12.0,0.0,1.0,11.0,12.0,12.0,12.0,-0.92,4.0,106.0,244.0,0.0,0.0,0.0,-478.0,-0.54,4.9,-28.0,-0.03,0.72,-0.83,0.0,0.0,-4.17,0.0,0.0,0.0,-0.83,-1.26,1.13,-0.27,-0.76,-2.25,8.7,10.05,6.25,-9.88,59.58508954171506
2026-10-02,2472,立隆電,電子零組件業,1,-12.95,12.93,3.15,5.85,229.0,-65.0,-852.0,,,,1.33,4791.77,5812.56,235.5,-2.52,0.23,5.85,4.0,231.5,-1.77,222.0,226.0,1051.55,5071.18,-212.0,-1067.0,3.0,11.0,-1.0,2.0,7.0,11.0,10.0,11.0,-0.82,3.0,269.0,0.0,9.0,0.01,0.01,-1099.0,-0.67,13.06,23.0,0.01,0.37,-0.52,-0.1,-1.1,-3.67,1.0,2.0,2.0,-1.0,-1.03,2.1,-1.06,-1.97,-1.99,9.0,11.85,13.03,-12.48,69.60426145252804
2026-10-02,6150,撼訊,電腦及週邊設備業,3,-16.48,19.73,-2.0,8.37,68.5,393.0,-134.0,,,,-2.0,1755.09,3244.28,70.4,1.97,2.42,8.37,0.0,70.4,0.0,69.9,69.9,345.54,3244.28,-32.0,10.0,1.0,8.0,0.0,-3.0,9.0,8.0,5.0,8.0,-1.38,1.0,655.0,-21.0,0.0,0.0,0.0,33.0,0.07,6.8,-23.0,-0.05,6.0,-0.28,0.0,0.0,0.0,0.0,0.0,0.0,0.27,0.49,0.25,0.8,0.88,1.01,3.5,5.32,6.67,8.6,76.1893024391108
2026-10-02,3147,大綜,資訊服務業,3,-21.25,29.08,-0.56,10.54,264.5,315.0,-169.0,,,,-1.12,2172.35,2172.35,273.0,0.0,0.21,10.54,0.0,273.0,-0.56,266.0,267.5,543.55,1672.96,101.0,-214.0,2.0,7.0,0.0,-4.0,9.0,7.0,5.0,7.0,-1.57,3.0,224.0,187.0,0.0,0.0,0.0,-188.0,-0.48,10.42,-26.0,-0.07,0.93,-0.43,0.0,0.0,0.0,0.0,0.0,0.0,-0.26,0.46,0.14,0.24,0.48,0.39,12.2,20.4,30.7,35.37,78.91984901571
2026-10-02,2345,智邦,通信網路業,1,-19.18,11.86,0.51,5.85,1965.0,539.0,-7.0,,,,3.42,5280.1,7120.57,2190.0,-4.49,-1.93,5.85,210.0,1980.0,2.89,1955.0,1900.0,7120.57,5872.37,99.0,-323.0,2.0,2.0,-1.0,0.0,2.0,2.0,1.0,2.0,-1.0,3.0,537.0,-38.0,115.0,0.02,7.22,-413.0,-0.07,56.94,-25.0,-0.0,2.5,-0.0,-0.65,-1.25,-1.85,1.0,1.0,3.0,0.1,0.03,-0.13,-0.4,-0.9,-1.73,96.0,100.5,49.5,-140.0,60.42029828839673
2026-10-02,3025,星通,通信網路業,2,-16.69,20.04,-7.51,3.75,55.4,390.0,-444.0,,,,-4.65,1332.93,1332.93,59.9,0.0,0.95,3.75,0.0,59.9,3.1,59.9,58.1,156.2,706.84,94.0,-249.0,1.0,2.0,0.0,0.0,2.0,2.0,2.0,2.0,-1.0,2.0,138.0,-15.0,0.0,0.0,0.0,-249.0,-0.44,3.32,0.0,0.0,0.49,-0.78,0.0,0.0,0.0,0.0,0.0,0.0,-0.16,0.01,0.17,-0.07,-0.04,-0.32,1.16,2.41,3.48,0.96,63.65061154946444
